id,url,header,price,refresh_date,created_timestamp
861430548,https://www.olx.pl/d/oferta/mieszkanie-z-garazem-oltaszyn-CID3-IDVitr6.html,Mieszkanie z garażem Ołtaszyn,1 699 000 zł,"Wrocław, Krzyki - Odświeżono dnia 26 września 2023",2023-01-01 23:59:59
810575960,https://www.olx.pl/d/oferta/mieszkanie-2-pokoje-rozkladowe-odrebna-kuchnia-garaz-kom-lokat-CID3-IDSR5PO.html,Mieszkanie 2 pokoje - rozkładowe - odrębna kuchnia/garaż/kom.lokat.,690 872 złdo negocjacji,"Wrocław, Fabryczna - Odświeżono dnia 26 września 2023",2023-01-01 23:59:59
859394119,https://www.olx.pl/d/oferta/2-pok-50m-nowy-budynek-urzadzone-ul-chorwacka-rozanka-wroclaw-CID3-IDV9WFt.html,"2 pok. 50m. Nowy Budynek, Urządzone, ul Chorwacka, Różanka, Wrocław",720 000 zł,"Wrocław, Stare Miasto - Odświeżono dnia 25 września 2023",2023-01-01 23:59:59
865658517,https://www.otodom.pl/pl/oferta/mieszkanie-3-pok-51-7-m2-grabiszyn-bez-prowizji-ID4nifd.html,"Mieszkanie 3-pok. 51,7 m2 Grabiszyn / bez prowizji",635 910 zł,"Wrocław, Fabryczna - Dzisiaj o 13:26",2023-01-01 23:59:59
864857093,https://www.olx.pl/d/oferta/swiezo-po-remoncie-brak-prowizji-balkon-kredyt-2-CID3-IDVvQPX.html,!!! Świeżo po remoncie | brak prowizji | balkon | kredyt 2% !!!,769 000 złdo negocjacji,"Wrocław, Fabryczna - 25 września 2023",2023-01-01 23:59:59
864857493,https://www.otodom.pl/pl/oferta/2poziomowe-2balkony-2m-postojowe-k-lok-piekne-ID4neZN.html,"2poziomowe,2balkony,2m.postojowe,k.lok!Piękne!",1 190 000 zł,"Wrocław, Fabryczna - 25 września 2023",2023-01-01 23:59:59
863463726,https://www.otodom.pl/pl/oferta/mieszkanie-3-pokojowe-na-krzykach-ID4lWdx.html,Mieszkanie 3-pokojowe na Krzykach,730 000 zł,"Wrocław, Krzyki - Odświeżono Dzisiaj o 13:41",2023-01-01 23:59:59
753194818,https://www.olx.pl/d/oferta/polecam-mieszkanie-161m2-z-tarasem-15m2-i-widokiem-na-zielona-okolice-CID3-IDOYknv.html,Polecam mieszkanie 161m2 z tarasem 15m2 i widokiem na zielona okolicę!,850 000 zł,"Wrocław, Fabryczna - Dzisiaj o 13:19",2023-01-01 23:59:59
865653910,https://www.otodom.pl/pl/oferta/2-pokoje-kamienica-po-remoncie-super-ID4ngwV.html,2 pokoje/kamienica/po remoncie/Super!,445 999 zł,"Wrocław, Śródmieście - Dzisiaj o 13:11",2023-01-01 23:59:59
865651483,https://www.otodom.pl/pl/oferta/di-trevi-balkon-tarnogaj-3-pokoje-klimasa-ID4n6cq.html,Di Trevi/Balkon/Tarnogaj/3 pokoje/Klimasa,849 999 zł,"Wrocław, Krzyki - Dzisiaj o 13:02",2023-01-01 23:59:59
865647428,https://www.otodom.pl/pl/oferta/3-pokojowe-mieszkanie-66m2-balkon-bez-prowizji-ID4fvLU.html,3-pokojowe mieszkanie 66m2 + balkon Bez Prowizji,681 645 zł,"Wrocław, Fabryczna - Dzisiaj o 12:48",2023-01-01 23:59:59
865635642,https://www.otodom.pl/pl/oferta/apartament-w-willi-miejskiej-krzyki-gotowe-ID4ne5q.html,"Apartament w willi miejskiej, Krzyki! Gotowe!",1 699 000 zł,"Wrocław, Krzyki - Dzisiaj o 12:07",2023-01-01 23:59:59
858449382,https://www.otodom.pl/pl/oferta/okolice-ul-roosevelta-balkon-piwnica-ID4mPBu.html,Okolice ul. Roosevelta Balkon/Piwnica,622 000 zł,"Wrocław, Śródmieście - Dzisiaj o 11:25",2023-01-01 23:59:59
844625088,https://www.otodom.pl/pl/oferta/ul-henryka-brodatego-inwestycja-piwnica-rozklad-ID4m1r7.html,ul.henryka brodatego/inwestycja/piwnica/rozkład,554 000 zł,"Wrocław, Śródmieście - Dzisiaj o 11:25",2023-01-01 23:59:59
851691613,https://www.otodom.pl/pl/oferta/mieszkanie-78m2-taras-50m2-od-zaraz-ID4mtVP.html,Mieszkanie 78m2 + taras 50m2! Od zaraz!,699 000 zł,"Wrocław, Psie Pole - Dzisiaj o 11:24",2023-01-01 23:59:59
861212038,https://www.olx.pl/d/oferta/sprzedam-zamienie-z-doplata-mieszkanie-4-pokojowe-CID3-IDVhyAK.html,Sprzedam/zamienię z dopłatą mieszkanie 4 pokojowe,799 000 zł,"Wrocław, Psie Pole - Odświeżono Dzisiaj o 04:47",2023-01-01 23:59:59
848191305,https://www.olx.pl/d/oferta/mieszkanie-z-rynku-pierwotnego-we-wroclawiu-CID3-IDWoWiW.html,Mieszkanie z rynku pierwotnego we Wrocławiu.,581 000 złdo negocjacji,"Wrocław, Krzyki - Odświeżono dnia 22 września 2023",2023-01-01 23:59:59
851950381,https://www.olx.pl/d/oferta/3-pokoje-balkon-2-komorki-lokatorskie-blok-z-2001r-muchobor-CID3-IDWEHdb.html,3 pokoje/balkon/2 komórki lokatorskie/blok z 2001r/Muchobór,619 000 zł,"Wrocław, Fabryczna - 10 września 2023",2023-01-01 23:59:59
822874089,https://www.otodom.pl/pl/oferta/idealne-dla-rodziny-4-pokoje-duzy-taras-ID4kKQ2.html,"Idealne dla rodziny 4 pokoje, duży taras",759 000 zł,"Wrocław, Psie Pole - Dzisiaj o 11:09",2023-01-01 23:59:59
865615620,https://www.otodom.pl/pl/oferta/2-pok-2018r-piekna-okolica-kredyt-2-zlotniki-ID4niwf.html,2 Pok 2018r Piękna okolica Kredyt 2% Złotniki,603 000 zł,"Wrocław, Fabryczna - Dzisiaj o 11:04",2023-01-01 23:59:59
865606779,https://www.otodom.pl/pl/oferta/2-pok-k-lokatorska-2006r-klimatyzacja-ID4niu6.html,2 pok / K.lokatorska/ 2006r/ Klimatyzacja,557 000 zł,"Wrocław, Krzyki - Dzisiaj o 10:37",2023-01-01 23:59:59
851373996,https://www.otodom.pl/pl/oferta/okazja-przy-skytower-4pok-piekne-z-potencjalem-ID4msZZ.html,OKAZJA ! przy SkyTower_4pok_PIĘKNE z potencjałem !,799 000 zł,"Wrocław, Krzyki - Dzisiaj o 10:23",2023-01-01 23:59:59
849673402,https://www.olx.pl/d/oferta/atrakcyjne-2-pok-43m-wroclaw-swojczyce-plus-miejsce-parkingowe-CID3-IDWw8RI.html,Atrakcyjne 2 pok 43m Wrocław Swojczyce plus miejsce parkingowe,549 000 złdo negocjacji,"Wrocław, Psie Pole - Odświeżono Dzisiaj o 10:00",2023-01-01 23:59:59
865593099,https://www.otodom.pl/pl/oferta/penthouse-z-widokiem-na-ogrod-botaniczny-135m2-ID4nir0.html,Penthouse z widokiem na OGRÓD BOTANICZNY|135m2,2 600 000 zł,"Wrocław, Śródmieście - Dzisiaj o 09:56",2023-01-01 23:59:59
861525545,https://www.olx.pl/d/oferta/mieszkanie-2-pokojowe-na-mosieznej-z-garazem-CID3-IDViS9j.html,Mieszkanie 2-pokojowe na Mosiężnej z garażem,720 000 złdo negocjacji,"Wrocław, Fabryczna - Odświeżono Dzisiaj o 09:24",2023-01-01 23:59:59
865573058,https://www.otodom.pl/pl/oferta/mieszkanie-3-pokoje-62-9-klecina-bezposrednio-ID4nfIg.html,"Mieszkanie 3 pokoje / 62,9 Klecina / Bezposrednio",790 000 zł,"Wrocław, Krzyki - Dzisiaj o 08:57",2023-01-01 23:59:59
797275579,https://www.otodom.pl/pl/oferta/mieszkanie-2-pok-biskupin-ul-olszewskiego-42-51m2-ID4jjO8.html,"Mieszkanie 2 pok Biskupin ul. Olszewskiego 42,51m2",425 000 zł,"Wrocław, Śródmieście - Dzisiaj o 08:34",2023-01-01 23:59:59
865433973,https://www.olx.pl/d/oferta/mieszkanie-na-sprzedaz-CID3-IDVzgUt.html,Mieszkanie na sprzedaż,649 000 złdo negocjacji,"Wrocław, Stare Miasto - Dzisiaj o 08:26",2023-01-01 23:59:59
858835596,https://www.otodom.pl/pl/oferta/4-pokoje-na-krzykach-pieknie-wykonczone-ID4mP7R.html,4 Pokoje Na Krzykach Pięknie Wykończone,1 050 000 zł,"Wrocław, Krzyki - 30 sierpnia 2023",2023-01-01 23:59:59
849673402,https://www.olx.pl/d/oferta/atrakcyjne-2-pok-43m-wroclaw-swojczyce-plus-miejsce-parkingowe-CID3-IDWw8RI.html,Atrakcyjne 2 pok 43m Wrocław Swojczyce plus miejsce parkingowe,549 000 złdo negocjacji,"Wrocław, Psie Pole - Odświeżono Dzisiaj o 10:00",2023-01-01 23:59:59
854818650,https://www.otodom.pl/pl/oferta/gaj-stronska-2-pokoje-55m2-garaz-balkon-ID4mFkS.html,"Gaj/ Strońska, 2 pokoje, 55m2, garaż, balkon.",695 000 zł,"Wrocław, Krzyki - 21 września 2023",2023-01-01 23:59:59
865555313,https://www.otodom.pl/pl/oferta/sepolno-jezierskiego-3-pokoje-ogrod-ID4ni6K.html,Sępolno Jezierskiego 3 pokoje ogród,819 000 zł,Wrocław - Dzisiaj o 07:56,2023-01-01 23:59:59
865555400,https://www.otodom.pl/pl/oferta/mieszkanie-wroclaw-swojczyce-ID4nhT3.html,Mieszkanie - Wrocław Swojczyce,599 000 zł,"Wrocław, Psie Pole - Dzisiaj o 07:55",2023-01-01 23:59:59
865558425,https://www.otodom.pl/pl/oferta/2-pokoje-super-lokalizacja-dostepne-od-zaraz-ID4nddR.html,2 pokoje/ super lokalizacja/dostępne od zaraz,660 000 zł,"Wrocław, Krzyki - Dzisiaj o 07:48",2023-01-01 23:59:59
865552664,https://www.otodom.pl/pl/oferta/promocja-3-pok-balkon-nowa-inwestycja-przy-s8-ID4ni6L.html,Promocja! 3 pok. Balkon! Nowa Inwestycja! Przy S8!,648 875 zł,"Wrocław, Psie Pole - Dzisiaj o 07:44",2023-01-01 23:59:59
858130283,https://www.otodom.pl/pl/oferta/mieszkanie-3-pokojowe-jagodno-ul-f-p-schuberta-ID4mQuO.html,"Mieszkanie 3-pokojowe, Jagodno, ul. F.P. Schuberta",749 000 zł,"Wrocław, Krzyki - Dzisiaj o 07:15",2023-01-01 23:59:59
865546033,https://www.otodom.pl/pl/oferta/3-pokoje-na-wroclawskich-swojczycach-ID4ni64.html,3 pokoje na wrocławskich Swojczycach,795 000 zł,"Wrocław, Psie Pole - Dzisiaj o 07:14",2023-01-01 23:59:59
813449801,https://www.otodom.pl/pl/oferta/3-pokoje-69-m2-psie-pole-gorlicka-bezposrednio-ID4kdXs.html,"3 pokoje, 69 m2, Psie Pole- Gorlicka, bezpośrednio",760 000 zł,"Wrocław, Psie Pole - Dzisiaj o 06:50",2023-01-01 23:59:59
858420336,https://www.olx.pl/d/oferta/mieszkanie-56m-39m-17m-antresola-wroclaw-partynice-CID3-IDV5Qli.html,Mieszkanie 56m² (39m² + 17m² antresola) Wrocław Partynice,580 000 złdo negocjacji,"Wrocław, Krzyki - Dzisiaj o 06:39",2023-01-01 23:59:59
817416965,https://www.otodom.pl/pl/oferta/48m270m2-po-podlodzeklecina-z-mp-w-garazu-podz-ID4kr40.html,48m2(70m2 po podłodze)Klecina z MP w garażu podz.,599 000 zł,"Wrocław, Krzyki - Dzisiaj o 05:47",2023-01-01 23:59:59
865530721,https://www.otodom.pl/pl/oferta/mieszkanie-w-centrum-wroclawia-bez-posrednikow-ID4ni8S.html,Mieszkanie w centrum Wrocławia. BEZ POŚREDNIKÓW,599 000 zł,"Wrocław, Stare Miasto - Dzisiaj o 04:51",2023-01-01 23:59:59
861525545,https://www.olx.pl/d/oferta/mieszkanie-2-pokojowe-na-mosieznej-z-garazem-CID3-IDViS9j.html,Mieszkanie 2-pokojowe na Mosiężnej z garażem,720 000 złdo negocjacji,"Wrocław, Fabryczna - Odświeżono Dzisiaj o 09:24",2023-01-01 23:59:59
818303379,https://www.olx.pl/d/oferta/przestronne-jasne-3-pok-73-5-m2-ul-kleczkowska-bez-prowizji-CID3-IDTnv5B.html,"Przestronne,  jasne 3 pok., 73,5 m2, ul. Kleczkowska, bez prowizji",629 000 zł,"Wrocław, Psie Pole - Odświeżono dnia 26 września 2023",2023-01-01 23:59:59
861567169,https://www.olx.pl/d/oferta/po-kapitalnym-remoncie-3-pokoje-centrum-uniwersytet-al-krucza-100b-CID3-IDVj2YF.html,Po kapitalnym remoncie 3 POKOJE CENTRUM Uniwersytet al. Krucza 100b !,679 000 zł,"Wrocław, Stare Miasto - Odświeżono dnia 26 września 2023",2023-01-01 23:59:59
861212038,https://www.olx.pl/d/oferta/sprzedam-zamienie-z-doplata-mieszkanie-4-pokojowe-CID3-IDVhyAK.html,Sprzedam/zamienię z dopłatą mieszkanie 4 pokojowe,799 000 zł,"Wrocław, Psie Pole - Odświeżono Dzisiaj o 04:47",2023-01-01 23:59:59
856098974,https://www.olx.pl/d/oferta/mieszkanie-40m2-sprzedam-stan-deweloperski-inwestycyjne-CID3-IDWV6rY.html,"Mieszkanie 40m2 sprzedam, stan deweloperski, Inwestycyjne",490 000 złdo negocjacji,"Wrocław, Krzyki - Odświeżono dnia 27 września 2023",2023-01-01 23:59:59
865519454,https://www.olx.pl/d/oferta/sprzedam-mieszkanie-wroclaw-olbin-CID3-IDVzD9c.html,"Sprzedam mieszkanie Wrocław, Ołbin",910 000 złdo negocjacji,"Wrocław, Śródmieście - 27 września 2023",2023-01-01 23:59:59
865516224,https://www.otodom.pl/pl/oferta/promocja-ostatnie-klucze-pazdziernik-kredyt-2-hit-ID4ni4a.html,PROMOCJA|Ostatnie|klucze październik|KREDYT 2%|HIT,465 600 zł,"Wrocław, Krzyki - 27 września 2023",2023-01-01 23:59:59
865513361,https://www.otodom.pl/pl/oferta/od-zaraz-3m-kuchnia-duza-loggia-blok-z-2016-ID4ni3m.html,Od zaraz! 3M + kuchnia + duża loggia | blok z 2016,839 000 zł,"Wrocław, Śródmieście - 27 września 2023",2023-01-01 23:59:59
862486689,https://www.olx.pl/d/oferta/sprzedam-mieszkanie-bajana-CID3-IDVmUbD.html,Sprzedam mieszkanie Bajana,570 000 złdo negocjacji,"Wrocław, Fabryczna - Odświeżono dnia 27 września 2023",2023-01-01 23:59:59
865505912,https://www.otodom.pl/pl/oferta/apartament-pixel-house-ID4mamD.html,Apartament Pixel House,820 000 zł,"Wrocław, Fabryczna - 27 września 2023",2023-01-01 23:59:59
862907265,https://www.olx.pl/d/oferta/mieszkanie-obok-sky-tower-CID3-IDVoFB7.html,Mieszkanie obok sky tower,629 000 zł,"Wrocław, Krzyki - Odświeżono dnia 27 września 2023",2023-01-01 23:59:59
865496611,https://www.otodom.pl/pl/oferta/0-prowizji-5min-od-factory-garaz-ID4nhZZ.html,"0% Prowizji 5min od Factory, garaż",1 099 000 zł,"Wrocław, Fabryczna - 27 września 2023",2023-01-01 23:59:59
865488224,https://www.otodom.pl/pl/oferta/klimatyczne-2-pok-na-1-pietro-w-kamienicy-nadodrze-ID4nhYK.html,Klimatyczne 2 pok na 1 piętro w kamienicy Nadodrze,596 232 zł,Wrocław - 27 września 2023,2023-01-01 23:59:59
862168640,https://www.otodom.pl/pl/oferta/kawalerka-osobna-sypialnia-idealna-inwestycja-ID4n5lh.html,Kawalerka * osobna sypialnia * idealna inwestycja*,399 500 zł,"Wrocław, Śródmieście - 13 września 2023",2023-01-01 23:59:59
844398325,https://www.olx.pl/d/oferta/sprzedam-sepolno-74m2-wysoki-standard-CID3-IDW90zP.html,"Sprzedam . Sępolno, 74m2,.wysoki standard",960 000 zł,"Wrocław, Śródmieście - Odświeżono dnia 26 września 2023",2023-01-01 23:59:59
860496685,https://www.otodom.pl/pl/oferta/czysta-2-ok-renomy-duzy-balkon-klimatyzacja-ID4mYGV.html,"Czysta 2/ok. Renomy, duży balkon, klimatyzacja!",850 000 zł,"Wrocław, Stare Miasto - 06 września 2023",2023-01-01 23:59:59
865826341,https://www.otodom.pl/pl/oferta/3-pokojowe-mieszkanie-60m2-2-balkony-ID4nj3x.html,3-pokojowe mieszkanie 60m2 + 2 balkony,548 316 zł,"Wrocław, Psie Pole - Dzisiaj o 09:40",2023-01-01 23:59:59
845122138,https://www.olx.pl/d/oferta/mieszkanie-3pokoje-w-centrum-przy-rynku-balkon-garaz-CID3-IDWc2Se.html,"Mieszkanie 3pokoje w Centrum ,przy Rynku,balkon, garaż.,",849 000 zł,"Wrocław, Stare Miasto - Odświeżono Dzisiaj o 09:40",2023-01-01 23:59:59
865823109,https://www.olx.pl/d/oferta/piekne-i-komfortowy-apartament-po-kapitalnym-remoncie-top-lokalizacja-CID3-IDVAU8R.html,"Piękne i komfortowy apartament po kapitalnym remoncie, TOP lokalizacja",1 100 000 zł,"Wrocław, Fabryczna - Dzisiaj o 09:33",2023-01-01 23:59:59
865826349,https://www.otodom.pl/pl/oferta/4-pokojowe-mieszkanie-81m2-balkon-ID4nj3c.html,4-pokojowe mieszkanie 81m2 + balkon,705 906 zł,"Wrocław, Psie Pole - Dzisiaj o 09:25",2023-01-01 23:59:59
787585067,https://www.otodom.pl/pl/oferta/nowoczesny-apartament-zwycieska-3-3-36-ID4fjxP.html,Nowoczesny Apartament Zwycięska 3 | 3.36,"820 836,80 zł","Wrocław, Krzyki - Dzisiaj o 09:23",2023-01-01 23:59:59
865821710,https://www.otodom.pl/pl/oferta/piekny-apartament-w-top-lokalizacji-ul-legnicka-ID4njvO.html,"Piękny apartament w top lokalizacji, ul. Legnicka",1 100 000 zł,"Wrocław, Fabryczna - Dzisiaj o 09:15",2023-01-01 23:59:59
865819637,https://www.otodom.pl/pl/oferta/3-pokojowe-mieszkanie-56m2-balkon-ID4ncRp.html,3-pokojowe mieszkanie 56m2 + balkon,705 808 zł,"Wrocław, Psie Pole - Dzisiaj o 09:12",2023-01-01 23:59:59
844262763,https://www.olx.pl/d/oferta/mieszkanie-4pok-72m2-bajana-CID3-IDW8rjl.html,Mieszkanie 4pok. 72m2 bajana,769 000 zł,"Wrocław, Fabryczna - Odświeżono dnia 27 września 2023",2023-01-01 23:59:59
854306245,https://www.otodom.pl/pl/oferta/mieszkanie-3-pokojowe-ul-hallera-ID4mDiw.html,Mieszkanie 3-pokojowe ul. Hallera,670 000 zł,"Wrocław, Fabryczna - Odświeżono dnia 17 września 2023",2023-01-01 23:59:59
865813789,https://www.olx.pl/d/oferta/2-pokoje-promenady-wroclawskie-garaz-komorka-lokatorska-CID3-IDVARIx.html,2 pokoje/ Promenady Wrocławskie/ garaż/ komórka lokatorska,629 000 zł,"Wrocław, Śródmieście - Dzisiaj o 08:59",2023-01-01 23:59:59
865794495,https://www.otodom.pl/pl/oferta/ul-szczesliwa-cisza-zielen-klimatyczne-3pok-ID4n4aO.html,"ul. Szczęśliwa, cisza, zieleń, klimatyczne, 3pok",620 000 zł,"Wrocław, Krzyki - Dzisiaj o 07:39",2023-01-01 23:59:59
865794567,https://www.otodom.pl/pl/oferta/3-pokojowe-mieszkanie-63m2-2-balkony-ID4nj3o.html,3-pokojowe mieszkanie 63m2 + 2 balkony,594 375 zł,"Wrocław, Psie Pole - Dzisiaj o 07:39",2023-01-01 23:59:59
865794588,https://www.otodom.pl/pl/oferta/4-pokojowe-mieszkanie-81m2-balkon-ID4nj3j.html,4-pokojowe mieszkanie 81m2 + balkon,716 028 zł,"Wrocław, Psie Pole - Dzisiaj o 07:36",2023-01-01 23:59:59
865791803,https://www.otodom.pl/pl/oferta/rozkladowe-centrum-zielona-okolica-ID4niA4.html,"Rozkładowe, Centrum, Zielona Okolica",650 000 zł,"Wrocław, Krzyki - Dzisiaj o 07:28",2023-01-01 23:59:59
865785912,https://www.olx.pl/d/oferta/3-pokojowe-rozkladowe-szczepin-bezposrednio-CID3-IDVAKsU.html,3 pokojowe rozkładowe Szczepin - bezpośrednio,645 000 zł,"Wrocław, Stare Miasto - Dzisiaj o 07:09",2023-01-01 23:59:59
865778551,https://www.otodom.pl/pl/oferta/3pok-przy-uniwersytecie-ekonomicznym-ID4m1vn.html,3pok. przy Uniwersytecie Ekonomicznym,650 000 zł,"Wrocław, Krzyki - Dzisiaj o 06:15",2023-01-01 23:59:59
865774527,https://www.otodom.pl/pl/oferta/55m2-3-pokoje-balkon-duza-piwnica-blok-ID4njgX.html,"55m2, 3 pokoje, balkon, duża piwnica, blok",589 000 zł,"Wrocław, Psie Pole - Dzisiaj o 05:22",2023-01-01 23:59:59
860558609,https://www.olx.pl/d/oferta/sprzedam-mieszkanie-ii-pietro-2-pok-pilczyce-ul-gornicza-CID3-IDVeOBz.html,Sprzedam mieszkanie II piętro 2 pok PILCZYCE ul.Górnicza,485 000 złdo negocjacji,"Wrocław, Fabryczna - Odświeżono dnia 28 września 2023",2023-01-01 23:59:59
860738708,https://www.otodom.pl/pl/oferta/apartamentowiec-nadodrze-2-pok-aneks-garaz-ID4mZIe.html,Apartamentowiec | Nadodrze | 2 POK ANEKS | Garaż,686 630 zł,"Wrocław, Śródmieście - Odświeżono dnia 28 września 2023",2023-01-01 23:59:59
865381398,https://www.otodom.pl/pl/oferta/62-m2-wykonczone-w-standardzie-premium-ID4nht7.html,62 m2 wykończone w standardzie premium,890 000 zł,"Wrocław, Krzyki - 27 września 2023",2023-01-01 23:59:59
862009560,https://www.otodom.pl/pl/oferta/srodmiescie-odnowiona-kamienica-3-pok-balkon-ID4mVTf.html,"Śródmieście, odnowiona kamienica, 3 pok, balkon",663 000 zł,"Wrocław, Śródmieście - Odświeżono dnia 28 września 2023",2023-01-01 23:59:59
865743219,https://www.otodom.pl/pl/oferta/pl-grunwaldzki2-pokoje-43mbalkonul-na-grobli-ID4nhu4.html,Pl.Grunwaldzki*2 Pokoje 43M*Balkon*Ul.Na Grobli,720 000 zł,"Wrocław, Krzyki - 28 września 2023",2023-01-01 23:59:59
865735970,https://www.otodom.pl/pl/oferta/mieszkanie-3-pokojowe-z-parkingiem-ID4nj8h.html,Mieszkanie 3 pokojowe z parkingiem,690 000 zł,"Wrocław, Psie Pole - 28 września 2023",2023-01-01 23:59:59
865733578,https://www.otodom.pl/pl/oferta/3-pokojowe-mieszkanie-61m2-balkon-ID4nj3f.html,3-pokojowe mieszkanie 61m2 + balkon,545 796 zł,"Wrocław, Psie Pole - 28 września 2023",2023-01-01 23:59:59
865733582,https://www.otodom.pl/pl/oferta/4-pokojowe-mieszkanie-68m2-balkon-bez-prowizji-ID4nj3i.html,4-pokojowe mieszkanie 68m2 + balkon Bez Prowizji,606 210 zł,"Wrocław, Psie Pole - 28 września 2023",2023-01-01 23:59:59
809886975,https://www.otodom.pl/pl/oferta/3-pok-mieszkanie-sienkiewicza-ID4k0jc.html,3 pok. mieszkanie - Sienkiewicza -,659 000 zł,"Wrocław, Śródmieście - Odświeżono dnia 28 września 2023",2023-01-01 23:59:59
865711566,https://www.otodom.pl/pl/oferta/2-pokoje-56-m2-przy-parku-centrum-ID4nj0y.html,"2 pokoje, 56 m2, przy parku, centrum",666 400 zł,"Wrocław, Śródmieście - 28 września 2023",2023-01-01 23:59:59
865707924,https://www.otodom.pl/pl/oferta/gotowe-duzy-balkon-blisko-park-zadzwon-ID4nj1b.html,GOTOWE ⭐ duży balkon ⭐ blisko park! ⭐ Zadzwoń✅,679 774 zł,"Wrocław, Psie Pole - 28 września 2023",2023-01-01 23:59:59
865704461,https://www.olx.pl/d/oferta/mieszkanie-3-pokoje-ul-dubois-wroclaw-CID3-IDVAphb.html,mieszkanie 3 pokoje ul Dubois Wrocław,499 000 zł,"Wrocław, Stare Miasto - 28 września 2023",2023-01-01 23:59:59
865862652,https://www.otodom.pl/pl/oferta/gotowe-2x-duzych-balkony-rynek-1-5km-ID4njJj.html,"GOTOWE ⭐ 2x dużych balkony ⭐Rynek 1,5km!",764 665 zł,"Wrocław, Stare Miasto - Dzisiaj o 11:44",2023-01-01 23:59:59
865861608,https://www.otodom.pl/pl/oferta/4-pokojowe-mieszkanie-82m2-2-balkony-ID4nj3t.html,4-pokojowe mieszkanie 82m2 + 2 balkony,704 788 zł,"Wrocław, Psie Pole - Dzisiaj o 11:39",2023-01-01 23:59:59
823659695,https://www.olx.pl/d/oferta/60-m2-dwupoziomowe-mieszkanie-z-adaptacja-strychu-stare-miasto-CID3-IDTJZwN.html,60 m2 dwupoziomowe mieszkanie z adaptacją strychu - Stare Miasto,395 000 złdo negocjacji,"Wrocław, Stare Miasto - Odświeżono dnia 27 września 2023",2023-01-01 23:59:59
853801372,https://www.otodom.pl/pl/oferta/ul-daszynskiego-rozkladowe-2stronne-winda-balkon-ID4mBl1.html,Ul Daszyńskiego/Rozkładowe/2stronne/Winda/Balkon/,689 000 zł,"Wrocław, Śródmieście - Odświeżono dnia 28 września 2023",2023-01-01 23:59:59
863814132,https://www.olx.pl/d/oferta/ul-drabika-trzy-pokoje-z-balkonem-CID3-IDVstv0.html,ul. Drabika - trzy pokoje z balkonem,715 000 zł,"Wrocław, Krzyki - Odświeżono dnia 26 września 2023",2023-01-01 23:59:59
801082483,https://www.otodom.pl/pl/oferta/blisko-centrum-3-pokoje-balkon-winda-ID4iLYe.html,Blisko centrum/3 pokoje/Balkon/Winda,729 000 zł,"Wrocław, Stare Miasto - 05 września 2023",2023-01-01 23:59:59
857583067,https://www.otodom.pl/pl/oferta/ladne-mieszkanie-5-pokojowe-z-balkonem-niedaleko-u-ID4mCAQ.html,Ładne mieszkanie 5 pokojowe z balkonem niedaleko U,720 000 zł,"Wrocław, Psie Pole - 28 września 2023",2023-01-01 23:59:59
865680354,https://www.olx.pl/d/oferta/mieszkanie-do-remontu-wroclaw-stare-miasto-szczepin-CID3-IDVAj0m.html,Mieszkanie do remontu Wrocław Stare Miasto - Szczepin,450 000 złdo negocjacji,"Wrocław, Stare Miasto - 28 września 2023",2023-01-01 23:59:59
863295976,https://www.otodom.pl/pl/oferta/mieszkanie-2-pokojowe-osobna-kuchnia-nadodrze-ID4n9k6.html,Mieszkanie 2-pokojowe | osobna kuchnia | Nadodrze,659 000 zł,Wrocław - Odświeżono dnia 28 września 2023,2023-01-01 23:59:59
865694869,https://www.otodom.pl/pl/oferta/swietny-uklad-17-min-do-centrum-kredyt-2-ID4niYq.html,Świetny układ ✅ 17 min do centrum ✅ Kredyt 2%,507 036 zł,"Wrocław, Krzyki - 28 września 2023",2023-01-01 23:59:59
865689221,https://www.otodom.pl/pl/oferta/m2-komorka-i-garaz-w-cenie-gotowa-inwestycja-ID4nfgi.html,"M2, komórka i garaż w cenie, gotowa inwestycja",575 135 zł,"Wrocław, Psie Pole - 28 września 2023",2023-01-01 23:59:59
865689283,https://www.otodom.pl/pl/oferta/mieszkanie-4-pokojowe-po-remoncie-blisko-rzeki-ID4ng87.html,Mieszkanie 4 pokojowe po remoncie blisko rzeki,1 299 000 zł,"Wrocław, Śródmieście - 28 września 2023",2023-01-01 23:59:59
865689227,https://www.otodom.pl/pl/oferta/4-kawalerki-naprzeciwko-wyspy-slodowej-ID4ng8c.html,4 kawalerki naprzeciwko Wyspy Słodowej!,1 350 000 zł,"Wrocław, Śródmieście - 28 września 2023",2023-01-01 23:59:59
828826211,https://www.olx.pl/d/oferta/mieszkanie-w-kamienicy-74m2-centrum-3-pokoje-2-pietro-stare-miasto-CID3-IDU5FyH.html,"Mieszkanie w kamienicy 74m2!Centrum!3 pokoje,2-piętro,Stare-Miasto!",849 000 złdo negocjacji,"Wrocław, Stare Miasto - Dzisiaj o 14:28",2023-01-01 23:59:59
853866924,https://www.otodom.pl/pl/oferta/3-pokoje-83-78-m2-pol-domu-duza-dzialka-ID4mBu5.html,"3 pokoje - 83,78 m2 - pół domu - duża działka",570 000 zł,"Wrocław, Psie Pole - Dzisiaj o 14:20",2023-01-01 23:59:59
865905166,https://www.otodom.pl/pl/oferta/ul-traugutta-inwestycja-min-8-6-roi-3pokoje-55m2-ID4njWA.html,"Ul Traugutta/Inwestycja Min 8,6 % Roi/3pokoje/55m2",555 000 zł,"Wrocław, Krzyki - Dzisiaj o 14:14",2023-01-01 23:59:59
865888202,https://www.otodom.pl/pl/oferta/ul-barlickiego-rozkladowe-dwustronne-2pokoje-56-m2-ID4njcI.html,Ul Barlickiego/Rozkładowe/Dwustronne/2pokoje/56 m2,620 000 zł,"Wrocław, Śródmieście - Dzisiaj o 13:15",2023-01-01 23:59:59
865884327,https://www.otodom.pl/pl/oferta/3-pokoje-zlotniki-lux-standard-ID4njwi.html,3-pokoje | Złotniki | lux standard,750 000 zł,"Wrocław, Fabryczna - Dzisiaj o 13:01",2023-01-01 23:59:59
865876401,https://www.olx.pl/d/oferta/duze-mieszkanie-dwupoziomowe-smolec-CID3-IDVB80p.html,Duże mieszkanie dwupoziomowe - Smolec,561 742 zł,"Wrocław, Fabryczna - Dzisiaj o 12:35",2023-01-01 23:59:59
865874938,https://www.otodom.pl/pl/oferta/rodzinny-uklad-zielone-tereny-9249-zl-m2-ID4njO3.html,Rodzinny układ ⭐ zielone tereny ⭐ 9249 zł/m2!,670 347 zł,"Wrocław, Psie Pole - Dzisiaj o 12:27",2023-01-01 23:59:59
852153336,https://www.olx.pl/d/oferta/sprzedaz-mieszkania-w-atrakcyjnym-miejscu-CID3-IDWFy0E.html,Sprzedaż mieszkania w atrakcyjnym miejscu,530 000 zł,"Wrocław, Fabryczna - Dzisiaj o 12:22",2023-01-01 23:59:59
865870737,https://www.olx.pl/d/oferta/wykonczone-mieszkanie-3-pokojowe-smolec-CID3-IDVB6x3.html,Wykończone mieszkanie 3 pokojowe - Smolec,531 111 zł,"Wrocław, Fabryczna - Dzisiaj o 12:14",2023-01-01 23:59:59
850810865,https://www.otodom.pl/pl/oferta/klimatyzacja-i-2-lazienki-i-garderoba-i-800m-rynek-ID4m863.html,Klimatyzacja I 2 łazienki I Garderoba I 800m Rynek,950 000 zł,"Wrocław, Śródmieście - Dzisiaj o 14:33",2023-01-01 23:59:59
865871118,https://www.otodom.pl/pl/oferta/ostatnie-mieszkania-aquapark-1-5km-kredyt-2-ID4njMz.html,"Ostatnie mieszkania • Aquapark 1,5km • Kredyt 2%",475 828 zł,"Wrocław, Krzyki - Dzisiaj o 12:14",2023-01-01 23:59:59
865868856,https://www.olx.pl/d/oferta/mieszkanie-3pok-70m2-oporow-do-zamieszkania-CID3-IDVB62I.html,Mieszkanie 3pok/70m2/Oporów/do zamieszkania,699 000 zł,"Wrocław, Krzyki - Dzisiaj o 12:09",2023-01-01 23:59:59
865869101,https://www.otodom.pl/pl/oferta/1-5km-do-rynku-2-pokoje-ID4njK6.html,"1,5km do Rynku, 2 pokoje",485 000 zł,Wrocław - Dzisiaj o 12:07,2023-01-01 23:59:59
863008196,https://www.olx.pl/d/oferta/mieszkanie-2-pokoje-sypialnia-CID3-IDVp5R2.html,Mieszkanie 2 pokoje+ sypialnia,495 000 złdo negocjacji,"Wrocław, Fabryczna - Odświeżono Dzisiaj o 12:05",2023-01-01 23:59:59
862374838,https://www.otodom.pl/pl/oferta/wysoki-standard-balkon-jagodno-bez-prowizji-ID4n4XK.html,Wysoki standard - balkon - Jagodno - bez prowizji,649 000 zł,"Wrocław, Krzyki - 14 września 2023",2023-01-01 23:59:59
866208797,https://www.olx.pl/d/oferta/sprzedam-grabiszynek-hallera-piekne-2-pokoje-z-perspektywa-3-pokoju-CID3-IDVCvtD.html,Sprzedam: Grabiszynek - Hallera piękne 2 pokoje z perspektywą 3 pokoju,690 000 złdo negocjacji,"Wrocław, Fabryczna - Dzisiaj o 20:20",2023-01-01 23:59:59
861313681,https://www.otodom.pl/pl/oferta/nowoczesne-mieszkanie-z-balkonem-na-ul-buforowej-ID4n1gK.html,Nowoczesne mieszkanie z balkonem na ul. Buforowej,799 500 zł,"Wrocław, Krzyki - Dzisiaj o 17:15",2023-01-01 23:59:59
778497203,https://www.otodom.pl/pl/oferta/dwa-pokoje-rozklad-po-remoncie-ul-zielinskiego-ID4iekl.html,Dwa pokoje rozkład po remoncie ul. Zielińskiego,539 900 zł,"Wrocław, Krzyki - Odświeżono Dzisiaj o 17:08",2023-01-01 23:59:59
843129987,https://www.olx.pl/d/oferta/jasne-przestronne-2-pok-po-remoncie-przy-pl-staszica-CID3-IDW3GCL.html,"Jasne, przestronne, 2 pok, po remoncie, przy pl. Staszica",629 000 zł,"Wrocław, Śródmieście - Dzisiaj o 17:01",2023-01-01 23:59:59
861164307,https://www.olx.pl/d/oferta/okazja-bezposrednio-2-pokojowe-pod-klucz-CID3-IDVhmaT.html,OKAZJA. BEZPOŚREDNIO 2 pokojowe pod klucz,541 000 zł,"Wrocław, Fabryczna - Odświeżono Dzisiaj o 16:52",2023-01-01 23:59:59
865233159,https://www.otodom.pl/pl/oferta/ul-dubois-2-750-metrow-od-wroclawskiego-rynku-ID4ngLx.html,ul. Dubois 2// 750 metrów od Wrocławskiego Rynku,815 000 zł,"Wrocław, Śródmieście - Odświeżono Dzisiaj o 16:21",2023-01-01 23:59:59
612901537,https://www.olx.pl/d/oferta/mieszkanie-w-kamienicy-sprzedam-prywatnie-CID3-IDFtFGF.html,Mieszkanie w Kamienicy- sprzedam-PRYWATNIE,1 280 000 zł,"Wrocław, Fabryczna - Dzisiaj o 15:55",2023-01-01 23:59:59
812209443,https://www.otodom.pl/pl/oferta/balonowa-2-pokoje-ze-scianka-medialna-ID4jcSK.html,Balonowa - 2-pokoje ze ścianką medialną,544 941 zł,"Wrocław, Fabryczna - Dzisiaj o 15:01",2023-01-01 23:59:59
854428832,https://www.olx.pl/d/oferta/okazja-osiedle-parkowe-2pok-55-5m2-balkon-garaz-komorka-CID3-IDWP5Yc.html,"Okazja, osiedle Parkowe 2pok 55.5m2, balkon, garaż, komórka",629 000 złdo negocjacji,"Wrocław, Krzyki - Odświeżono Dzisiaj o 12:00",2023-01-01 23:59:59
866078968,https://www.otodom.pl/pl/oferta/mieszkanie-64-3m2-do-sprzedaz-w-muchobor-wielki-ID4nkoG.html,Mieszkanie 64.3m2 do sprzedaz w Muchobor wielki,798 000 zł,"Wrocław, Fabryczna - Dzisiaj o 10:41",2023-01-01 23:59:59
866076732,https://www.otodom.pl/pl/oferta/specjalna-oferta-blisko-park-3-km-do-rynku-ID4nkoD.html,Specjalna oferta ⭐ blisko park ⭐ 3 km do rynku!,836 880 zł,"Wrocław, Śródmieście - Dzisiaj o 10:35",2023-01-01 23:59:59
861489855,https://www.otodom.pl/pl/oferta/centrum-pelen-rozklad-piwnica-winda-m-parking-ID4n29c.html,CENTRUM_ pełen rozkład _piwnica_winda_m.parking,695 000 zł,"Wrocław, Śródmieście - Odświeżono Dzisiaj o 06:56",2023-01-01 23:59:59
861105451,https://www.olx.pl/d/oferta/odstapie-mieszkanie-tbs-CID3-IDVh6RB.html,Odstąpię mieszkanie TBS,160 000 złdo negocjacji,"Wrocław, Psie Pole - Odświeżono dnia 29 września 2023",2023-01-01 23:59:59
793214690,https://www.otodom.pl/pl/oferta/raclawicka-platinum-mieszkanie-1-2-ID4iKsp.html,Racławicka Platinum | mieszkanie 1-2,845 495 zł,"Wrocław, Fabryczna - 29 września 2023",2023-01-01 23:59:59
865962324,https://www.otodom.pl/pl/oferta/raclawicka-platinum-mieszkanie-109-26-ID4iKt9.html,Racławicka Platinum | mieszkanie 109-26,829 587 zł,"Wrocław, Fabryczna - 29 września 2023",2023-01-01 23:59:59
865962332,https://www.otodom.pl/pl/oferta/raclawicka-platinum-mieszkanie-109-29-ID4iKth.html,Racławicka Platinum | mieszkanie 109-29,942 875 zł,"Wrocław, Fabryczna - 29 września 2023",2023-01-01 23:59:59
865957886,https://www.otodom.pl/pl/oferta/2-pokojowe-mieszkanie-graniczna-bez-posrednikow-ID4nk6x.html,2 Pokojowe Mieszkanie /Graniczna/ Bez Pośredników,585 000 zł,"Wrocław, Fabryczna - 29 września 2023",2023-01-01 23:59:59
849453801,https://www.otodom.pl/pl/oferta/sloneczne-2-pokoje-osobowice-500m-tramwaj-ID4mlpv.html,Słoneczne 2 pokoje Osobowice 500m Tramwaj,567 000 zł,"Wrocław, Psie Pole - 29 września 2023",2023-01-01 23:59:59
854288568,https://www.otodom.pl/pl/oferta/mieszkanie-45m2-z-duzym-balkonem-ul-wietrzna-ID4mtLz.html,Mieszkanie 45m2 z dużym balkonem ul. Wietrzna,504 130 zł,"Wrocław, Krzyki - 29 września 2023",2023-01-01 23:59:59
865919493,https://www.otodom.pl/pl/oferta/3-pokoje-srodmiescie-inwestycja-do-remontu-ID4nk06.html,3 pokoje - Śródmieście - Inwestycja - Do remontu,719 000 zł,"Wrocław, Śródmieście - 29 września 2023",2023-01-01 23:59:59
865915211,https://www.otodom.pl/pl/oferta/super-uklad-garderoba-kredyt2-ostatnie-hit-ID4njYa.html,SUPER układ|Garderoba| kredyt2%| ostatnie| HIT !!,528 850 zł,"Wrocław, Krzyki - 29 września 2023",2023-01-01 23:59:59
866211510,https://www.otodom.pl/pl/oferta/2-pokoje-po-generalnym-remoncie-nowowiejska-ID4nkDU.html,2 pokoje po generalnym remoncie Nowowiejska,540 000 zł,Wrocław - Dzisiaj o 20:33,2023-01-01 23:59:59
862568718,https://www.otodom.pl/pl/oferta/apartament-115m2-dwa-poziomy-2-mp-taras-60m2-ID4n75q.html,"Apartament 115m2 dwa poziomy, 2 mp, taras 60m2",1 399 000 zł,"Wrocław, Fabryczna - 15 września 2023",2023-01-01 23:59:59
826962692,https://www.otodom.pl/pl/oferta/2-ostatnie-nowe-budownictwo-balkon-obejrzyj-ID4kZeD.html,2 ostatnie| Nowe Budownictwo | Balkon | Obejrzyj,420 955 zł,"Wrocław, Krzyki - Odświeżono dnia 29 września 2023",2023-01-01 23:59:59
865912175,https://www.otodom.pl/pl/oferta/stylowy-apartament-na-oltaszynie-wysoki-standard-ID4n40g.html,"Stylowy apartament na Ołtaszynie, wysoki standard",1 390 000 zł,"Wrocław, Krzyki - 29 września 2023",2023-01-01 23:59:59
865912828,https://www.otodom.pl/pl/oferta/jedyna-taka-garsoniera-we-wroclawiu-robi-wrazenie-ID4ngGB.html,Jedyna taka garsoniera we Wrocławiu! Robi wrażenie,629 000 zł,"Wrocław, Stare Miasto - 29 września 2023",2023-01-01 23:59:59
866329755,https://www.otodom.pl/pl/oferta/sloneczne-mieszkanie-dwupokojowe-stablowice-ID4nkj3.html,Słoneczne mieszkanie dwupokojowe Stabłowice,624 900 zł,"Wrocław, Fabryczna - Dzisiaj o 12:50",2023-01-01 23:59:59
857994784,https://www.otodom.pl/pl/oferta/3-pokojowe-mieszkanie-przy-sudeckiej-ID4mKqH.html,3 pokojowe mieszkanie przy Sudeckiej,598 000 zł,"Wrocław, Krzyki - Dzisiaj o 11:13",2023-01-01 23:59:59
866259342,https://www.otodom.pl/pl/oferta/1-3-km-do-rynku-osobna-kuchnia-balkon-13m2-ID4nkJF.html,"1,3 km do rynku ⭐ osobna kuchnia ⭐ balkon 13m2!",686 654 zł,"Wrocław, Stare Miasto - Dzisiaj o 09:09",2023-01-01 23:59:59
864665134,https://www.olx.pl/d/oferta/mieszkanie-wroclaw-srodmiescie-CID3-IDVv2TQ.html,"Mieszkanie, Wrocław Śródmieście",670 000 zł,"Wrocław, Śródmieście - 24 września 2023",2023-01-01 23:59:59
834504467,https://www.otodom.pl/pl/oferta/mieszkanie-2-pokoje-i-kuchnia-z-oknami-oraz-balkon-ID4loaO.html,Mieszkanie 2 pokoje i kuchnia z oknami oraz balkon,569 000 zł,"Wrocław, Psie Pole - Odświeżono Dzisiaj o 08:27",2023-01-01 23:59:59
858814512,https://www.otodom.pl/pl/oferta/mieszkanie-pod-klucz-krzyki-borek-ID4mTa6.html,Mieszkanie Pod Klucz! Krzyki - Borek!,999 900 zł,"Wrocław, Krzyki - Dzisiaj o 08:12",2023-01-01 23:59:59
866237933,https://www.otodom.pl/pl/oferta/luksusowy-apartament-z-garazem-krzyki-partynice-ID4n7GM.html,Luksusowy apartament z garazem - Krzyki-Partynice,1 397 000 zł,"Wrocław, Krzyki - Dzisiaj o 07:33",2023-01-01 23:59:59
861758462,https://www.otodom.pl/pl/oferta/3-pokoje-70-m-centrum-grabiszynska-bezposrednio-ID4n3gU.html,3 pokoje 70 m Centrum Grabiszyńska bezpośrednio,700 000 zł,"Wrocław, Krzyki - Odświeżono Dzisiaj o 07:25",2023-10-02 12:58:08
863179115,https://www.otodom.pl/pl/oferta/kameralne-osiedle-po-remoncie-komorka-ID4n5Ws.html,Kameralne osiedle | Po remoncie | Komórka,680 000 zł,"Wrocław, Fabryczna - Dzisiaj o 11:41",2023-10-02 12:58:08
866548189,https://www.otodom.pl/pl/oferta/3-pokojowe-mieszkanie-61m2-balkon-bez-prowizji-ID4mRJ0.html,3-pokojowe mieszkanie 61m2 + balkon Bez Prowizji,559 468 zł,"Wrocław, Psie Pole - Dzisiaj o 11:10",2023-10-02 12:58:08
825286623,https://www.otodom.pl/pl/oferta/3-pokojowe-mieszkanie-70m2-balkon-ID4iine.html,3-pokojowe mieszkanie 70m2 + balkon,1 115 880 zł,"Wrocław, Stare Miasto - Dzisiaj o 09:29",2023-10-02 12:58:08
866512616,https://www.otodom.pl/pl/oferta/mieszkanie-48-m2-wroclaw-klimasa-ID4nlml.html,"Mieszkanie, 48 m2, Wrocław, Klimasa",692 000 zł,"Wrocław, Krzyki - Dzisiaj o 09:22",2023-10-02 12:58:08
866512679,https://www.otodom.pl/pl/oferta/dom-otwarty-sobota-07-10-godz-1300-1500-ID4nk7S.html,Dom Otwarty! Sobota 07.10. godz. 13:00-15:00,450 000 zł,"Wrocław, Stare Miasto - Dzisiaj o 09:19",2023-10-02 12:58:08
858879356,https://www.otodom.pl/pl/oferta/3-pokoje-w-pelnym-rozkladzie-osobowice-ID4mTm9.html,3 pokoje w pełnym rozkładzie .Osobowice,570 000 zł,"Wrocław, Psie Pole - Dzisiaj o 08:56",2023-10-02 12:58:08
864793861,https://www.olx.pl/d/oferta/mieszkanie-na-sprzedaz-jagodno-vivaldiego-CID3-IDVvAo5.html,Mieszkanie na sprzedaż Jagodno Vivaldiego !,557 000 zł,"Wrocław, Krzyki - Odświeżono Dzisiaj o 08:53",2023-10-02 12:58:08
858068813,https://www.otodom.pl/pl/oferta/4-pokoje-do-wejscia-dwustronne-balkon-ID4mQnP.html,4 pokoje | do wejścia | dwustronne | balkon,630 000 zł,"Wrocław, Psie Pole - Dzisiaj o 08:18",2023-10-02 12:58:08
860613906,https://www.olx.pl/d/oferta/rozkladowe-mieszkanie-na-wielkiej-wyspie-wroclaw-56m-CID3-IDVf2Zs.html,Rozkładowe mieszkanie na Wielkiej wyspie Wrocław  56m,666 400 złdo negocjacji,"Wrocław, Śródmieście - Odświeżono Dzisiaj o 08:14",2023-10-02 12:58:08
850198720,https://www.otodom.pl/pl/oferta/inwestycja-mozliwosc-3-pokoi-ul-prusa-ID4moEd.html,Inwestycja - możliwość 3 pokoi - ul. Prusa,455 000 zł,"Wrocław, Śródmieście - Dzisiaj o 08:12",2023-10-02 12:58:08
861020108,https://www.otodom.pl/pl/oferta/duze-mieszkanie-zachwycajace-okolice-wroclawia-ID4n0ZZ.html,"duże mieszkanie, zachwycające okolice Wrocławia",590 000 zł,Wrocław - Odświeżono Dzisiaj o 07:48,2023-10-02 12:58:08
866489400,https://www.otodom.pl/pl/oferta/dworcowa-2pok-rozklad-balkon-ID4nkra.html,Dworcowa/2pok/Rozkład/Balkon,529 000 zł,"Wrocław, Stare Miasto - Dzisiaj o 07:43",2023-10-02 12:58:08
842697176,https://www.olx.pl/d/oferta/rynek-2-lub-3-pok-43m2-mieszkanie-CID3-IDW1S1V.html,"Rynek, 2 lub 3 pok., 43m2, mieszkanie",679 000 zł,"Wrocław, Stare Miasto - Dzisiaj o 07:40",2023-10-02 12:58:08
866486756,https://www.otodom.pl/pl/oferta/-ID4nj4q.html,"Mieszkanie, Wrocław",561 000 zł,"Wrocław, Psie Pole - Dzisiaj o 07:28",2023-10-02 12:58:08
861758462,https://www.otodom.pl/pl/oferta/3-pokoje-70-m-centrum-grabiszynska-bezposrednio-ID4n3gU.html,3 pokoje 70 m Centrum Grabiszyńska bezpośrednio,700 000 zł,"Wrocław, Krzyki - Odświeżono Dzisiaj o 07:25",2023-10-02 12:58:08
861917019,https://www.otodom.pl/pl/oferta/9-980-zl-m2-3-pokojowe-z-2017-r-windabalkon-ID4n3bK.html,9.980 zł/m2* 3 pokojowe z 2017 r * winda*balkon*,569 000 zł,"Wrocław, Psie Pole - Odświeżono Dzisiaj o 07:23",2023-10-02 12:58:08
866486803,https://www.otodom.pl/pl/oferta/-ID4nj4t.html,"Mieszkanie, Wrocław",671 000 zł,"Wrocław, Psie Pole - Dzisiaj o 07:21",2023-10-02 12:58:08
850770389,https://www.otodom.pl/pl/oferta/3-pokojowe-mieszkanie-59m2-balkon-ID4gcoK.html,3-pokojowe mieszkanie 59m2 + balkon,538 200 zł,"Wrocław, Psie Pole - Dzisiaj o 07:10",2023-10-02 12:58:08
852220533,https://www.otodom.pl/pl/oferta/nowe-3m-kuchnia-wysoki-standard-klima-2-balkony-ID4mwFb.html,"Nowe!3M+kuchnia,wysoki standard,klima,2 balkony",799 000 zł,"Wrocław, Fabryczna - Dzisiaj o 07:05",2023-10-02 12:58:08
859430572,https://www.otodom.pl/pl/oferta/rozkladowe-blisko-uczelni-wroclaw-sienkiewicza-ID4mUdB.html,"Rozkładowe, blisko uczelni, Wrocław, Sienkiewicza",775 800 zł,"Wrocław, Śródmieście - Dzisiaj o 06:23",2023-10-02 12:58:08
866462981,https://www.otodom.pl/pl/oferta/3-pok-54-7m2-centrum-wroclawia-wyspa-slodowa-ID4nl8m.html,"3-pok, 54,7m2, centrum Wrocławia, Wyspa Słodowa",769 000 zł,Wrocław - 01 października 2023,2023-10-02 12:58:08
866455282,https://www.otodom.pl/pl/oferta/promenady-wroclawskie-2-pokoje-bardzo-ladne-ID4nl76.html,Promenady wrocławskie 2 pokoje - bardzo ładne,619 000 zł,"Wrocław, Psie Pole - 01 października 2023",2023-10-02 12:58:08
866451379,https://www.otodom.pl/pl/oferta/mieszkanie-kromera-mosty-warszawskie-psie-pole-ID4nl6A.html,Mieszkanie Kromera Mosty Warszawskie Psie Pole,515 000 zł,"Wrocław, Psie Pole - 01 października 2023",2023-10-02 12:58:08
866434880,https://www.otodom.pl/pl/oferta/nowoczesne-mieszkanie-w-centrum-stablowic-ID4nl4E.html,Nowoczesne mieszkanie w centrum Stabłowic,540 000 zł,"Wrocław, Fabryczna - 01 października 2023",2023-10-02 12:58:08
860893149,https://www.otodom.pl/pl/oferta/unikatowa-oferta-w-prestizowej-lokalizacji-ID4n0r7.html,Unikatowa Oferta _ w Prestiżowej Lokalizacji,799 000 zł,"Wrocław, Stare Miasto - Odświeżono dnia 01 października 2023",2023-10-02 12:58:08
866422699,https://www.olx.pl/d/oferta/sprzedam-mieszkanie-CID3-IDVDq7F.html,Sprzedam mieszkanie,749 000 złdo negocjacji,"Wrocław, Psie Pole - 01 października 2023",2023-10-02 12:58:08
853448232,https://www.olx.pl/d/oferta/2-pokojowe-2-balkony-widok-na-park-rozkladowe-ok-pl-grunwaldzkiego-CID3-IDWKYS4.html,2 pokojowe/2 balkony/Widok na park/Rozkładowe/ok Pl. Grunwaldzkiego,564 399 złdo negocjacji,"Wrocław, Śródmieście - 01 października 2023",2023-10-02 12:58:08
863000769,https://www.olx.pl/d/oferta/sprzedam-mieszkanie-po-kapitalnym-remoncie-od-razu-do-zamieszkania-CID3-IDVp3Wf.html,"Sprzedam mieszkanie po kapitalnym remoncie, od razu do zamieszkania.",530 000 złdo negocjacji,"Wrocław, Fabryczna - Odświeżono dnia 01 października 2023",2023-10-02 12:58:08
866365969,https://www.otodom.pl/pl/oferta/gaj-2-pokoje-dla-rodziny-inwestycyjnie-gotowe-ID4nkTv.html,"GAJ 2 pokoje dla rodziny/inwestycyjnie, GOTOWE !!!",561 650 zł,"Wrocław, Krzyki - 01 października 2023",2023-10-02 12:58:08
859527814,https://www.olx.pl/d/oferta/51m2-wroclaw-augustowska77-CID3-IDVaurQ.html,51m2 Wrocław Augustowska77,599 000 złdo negocjacji,"Wrocław, Fabryczna - 01 października 2023",2023-10-02 12:58:08
844261837,https://www.otodom.pl/pl/oferta/4-pokojowe-blisko-rynku-ID4m0Cn.html,4 pokojowe blisko Rynku...,665 000 zł,"Wrocław, Śródmieście - Dzisiaj o 11:53",2023-10-02 12:59:03
844261305,https://www.otodom.pl/pl/oferta/duze-rozkladowe-4-pokojowe-przy-parku-klecinskim-ID4m0CB.html,Duże rozkładowe 4 pokojowe przy Parku Klecińskim !,839 000 zł,"Wrocław, Krzyki - Dzisiaj o 11:52",2023-10-02 12:59:03
852499498,https://www.otodom.pl/pl/oferta/zjawiskowy-apartament-3-pok-nowiutkie-ID4mvZJ.html,Zjawiskowy apartament | 3 pok | Nowiutkie!!!,710 000 zł,"Wrocław, Krzyki - Dzisiaj o 07:32",2023-10-03 08:43:40
852626339,https://www.otodom.pl/pl/oferta/nowy-3-pok-glamour-miejsce-postojowe-ID4mxIL.html,Nowy | 3 pok | Glamour | miejsce postojowe,710 000 zł,"Wrocław, Krzyki - Dzisiaj o 07:31",2023-10-03 08:43:40
866733224,https://www.otodom.pl/pl/oferta/centrum-nowy-apartamentowiec-2-3-pokoje-ID4nlUI.html,Centrum nowy Apartamentowiec 2-3 pokoje!,749 000 zł,Wrocław - Dzisiaj o 07:26,2023-10-03 08:43:40
866723065,https://www.otodom.pl/pl/oferta/mieszkanie-na-sprzedaz-3-pok-62m2-wroclaw-zakrzow-ID4ncGr.html,Mieszkanie na sprzedaż 3 pok 62m2 Wrocław Zakrzów,575 000 zł,"Wrocław, Psie Pole - Dzisiaj o 06:44",2023-10-03 08:43:40
866722282,https://www.otodom.pl/pl/oferta/mieszkanie-z-widokiem-na-zielen-ID4nkLz.html,Mieszkanie z widokiem na zieleń,699 999 zł,"Wrocław, Krzyki - Dzisiaj o 06:39",2023-10-03 08:43:40
866721605,https://www.otodom.pl/pl/oferta/mieszkanie-3-pokojowe-54-m2-gotowiec-inwestycyjny-ID4nmic.html,Mieszkanie 3 pokojowe 54 m2 Gotowiec inwestycyjny.,735 000 zł,"Wrocław, Fabryczna - Dzisiaj o 06:35",2023-10-03 08:43:40
866709493,https://www.otodom.pl/pl/oferta/przystan-krolewiecka-iii-mieszkanie-k1-26-ID4kGjH.html,Przystań Królewiecka III | mieszkanie K1_26,681 866 zł,"Wrocław, Fabryczna - Dzisiaj o 00:00",2023-10-03 08:43:40
866709494,https://www.otodom.pl/pl/oferta/przystan-krolewiecka-iii-mieszkanie-k2-26-ID4kGjy.html,Przystań Królewiecka III | mieszkanie K2_26,759 590 zł,"Wrocław, Fabryczna - 02 października 2023",2023-10-03 08:43:40
754167979,https://www.olx.pl/d/oferta/sprzedam-mieszkanie-wroclaw-krzyki-gajowa-CID3-IDP2pxF.html,Sprzedam mieszkanie Wrocław - Krzyki - Gajowa,440 000 zł,"Wrocław, Krzyki - 02 października 2023",2023-10-03 08:43:40
850244793,https://www.otodom.pl/pl/oferta/2-pok-rozklad-umeblowane-szczepin-ID4moJA.html,2 pok/Rozkład/Umeblowane - Szczepin !,499 000 zł,"Wrocław, Stare Miasto - 22 września 2023",2023-10-03 08:43:40
843454539,https://www.otodom.pl/pl/oferta/2-pokojowe-salon-z-aneksem-51-41m2-borek-ID4lXt2.html,"2 pokojowe + salon z aneksem | 51,41m2 | Borek",585 000 zł,"Wrocław, Krzyki - Odświeżono dnia 02 października 2023",2023-10-03 08:43:40
861738960,https://www.olx.pl/d/oferta/klimatyczne-wyposazone-mieszkanie-klimatyzacja-parking-CID3-IDVjLFu.html,"Klimatyczne, wyposażone mieszkanie + klimatyzacja + parking",699 000 zł,"Wrocław, Fabryczna - Odświeżono dnia 02 października 2023",2023-10-03 08:43:40
849024946,https://www.otodom.pl/pl/oferta/mieszkanie-2-pok-ul-p-skargi-inwestycja-ID4mjx2.html,"Mieszkanie 2 pok ul. P. Skargi, inwestycja",590 000 zł,"Wrocław, Stare Miasto - 02 października 2023",2023-10-03 08:43:40
866704334,https://www.otodom.pl/pl/oferta/mieszkanie-2-pokojowe-promenady-wroclawskie-ID4nme3.html,"Mieszkanie 2 pokojowe, Promenady Wrocławskie",619 000 zł,"Wrocław, Psie Pole - 02 października 2023",2023-10-03 08:43:40
864768499,https://www.otodom.pl/pl/oferta/komfortowe-2-pokoje-duzy-taras-garaz-ID4neC6.html,"Komfortowe 2 pokoje, duży taras, garaż",599 999 zł,"Wrocław, Fabryczna - Odświeżono dnia 02 października 2023",2023-10-03 08:43:40
866693587,https://www.otodom.pl/pl/oferta/okazja-centrum-2pok-43m2-rozkladowe-miejskie-media-ID4nmbU.html,"OKAZJA,CENTRUM,2pok,43m2,ROZKŁADOWe,Miejskie Media",421 500 zł,"Wrocław, Krzyki - 02 października 2023",2023-10-03 08:43:40
866690954,https://www.otodom.pl/pl/oferta/3-pokojowe-mieszkanie-wroclaw-kozanow-3pietro-58m2-ID4nmb2.html,3-POKOJOWE MIESZKANIE Wrocław-Kozanów/3Piętro/58m2,658 000 zł,"Wrocław, Fabryczna - 02 października 2023",2023-10-03 08:43:40
866683864,https://www.otodom.pl/pl/oferta/fabryczna-blisko-parku-tramwaj-wykonczone-ID4nacd.html,Fabryczna /blisko parku/ Tramwaj/ Wykończone,440 000 zł,"Wrocław, Fabryczna - 02 października 2023",2023-10-03 08:43:40
866683930,https://www.otodom.pl/pl/oferta/2-lub-3-pok-luksusowe-gotowe-zielona-okolica-ID4nacc.html,2 lub 3 pok/Luksusowe/ Gotowe/Zielona okolica,445 000 zł,Wrocław - 02 października 2023,2023-10-03 08:43:40
866679865,https://www.otodom.pl/pl/oferta/sprzedam-m-bajana-ip-ca-64qm-3p-k-2wc-piwnica-ID4nfO0.html,Sprzedam M /Bajana Ip/ca.64qm/3p/k/2wc/piwnica,739 500 zł,"Wrocław, Fabryczna - 02 października 2023",2023-10-03 08:43:40
866661748,https://www.olx.pl/d/oferta/mieszkanie-2-pokojowe-na-sprzedaz-ul-zachodnia-CID3-IDVEqji.html,Mieszkanie 2 pokojowe na sprzedaż ul.zachodnia,435 000 zł,"Wrocław, Stare Miasto - 02 października 2023",2023-10-03 08:43:40
866639071,https://www.otodom.pl/pl/oferta/narozne-m4-przy-parku-centrum-17-min-zadzwon-ID4nm10.html,Narożne m4 przy parku ✅ centrum 17 min ✅ Zadzwoń!,554 928 zł,"Wrocław, Krzyki - 02 października 2023",2023-10-03 08:43:40
866638018,https://www.otodom.pl/pl/oferta/centrum-3-pok-winda-balkon-piwnica-57m2-ID4nm0D.html,Centrum/ 3 pok./ winda/ balkon/ piwnica/ 57m2,799 000 zł,"Wrocław, Krzyki - 02 października 2023",2023-10-03 08:43:40
866636686,https://www.otodom.pl/pl/oferta/centrum-3m-kuchnia-bliskosc-tramwaju-ID4nm0F.html,Centrum! 3M + Kuchnia! Bliskość tramwaju!,669 999 zł,"Wrocław, Śródmieście - 02 października 2023",2023-10-03 08:43:40
866624155,https://www.olx.pl/d/oferta/mieszkanie-na-sprzedaz-wroclaw-pomorska-CID3-IDVEgvX.html,"Mieszkanie na sprzedaż Wrocław, Pomorska",689 000 zł,"Wrocław, Stare Miasto - 02 października 2023",2023-10-03 08:43:40
830657575,https://www.otodom.pl/pl/oferta/czteropokojowe-mieszkanie-oferta-bezposrednia-ID4lcRo.html,Czteropokojowe mieszkanie - oferta bezpośrednia,850 000 zł,"Wrocław, Krzyki - 02 października 2023",2023-10-03 08:43:40
866629816,https://www.otodom.pl/pl/oferta/mieszkanie-przy-parku-flat-next-to-a-park-ID4nlY8.html,Mieszkanie przy parku/Flat next to a park,1 170 000 zł,"Wrocław, Krzyki - 02 października 2023",2023-10-03 08:43:40
866623304,https://www.otodom.pl/pl/oferta/narozne-m4-rynek-3-km-umow-sie-na-prezentacje-ID4nlY1.html,Narożne m4 • rynek 3 km • Umów się na prezentacje!,965 900 zł,"Wrocław, Śródmieście - 02 października 2023",2023-10-03 08:43:40
866621826,https://www.otodom.pl/pl/oferta/sloneczne-4pok-mieszkanie-z-czterema-balkonami-ID4ngvx.html,Słoneczne 4pok. mieszkanie z czterema balkonami,1 095 000 zł,"Wrocław, Krzyki - 02 października 2023",2023-10-03 08:43:40
866619268,https://www.olx.pl/d/oferta/mieszkanie-3-pokojowe-CID3-IDVEfg8.html,Mieszkanie 3 pokojowe,690 000 złdo negocjacji,"Wrocław, Fabryczna - 02 października 2023",2023-10-03 08:43:40
866615763,https://www.otodom.pl/pl/oferta/ciekawy-rozklad-cisza-i-zielen-przy-parku-ID4nlV4.html,Ciekawy rozkład • Cisza i zieleń • Przy parku,813 530 zł,"Wrocław, Fabryczna - 02 października 2023",2023-10-03 08:43:40
866614567,https://www.otodom.pl/pl/oferta/mieszkanie-ogrody-hallera-40m2-2-pok-4-pietro-ID4nlWC.html,"Mieszkanie Ogrody Hallera, 40m2, 2 pok. 4 piętro",740 000 zł,"Wrocław, Fabryczna - 02 października 2023",2023-10-03 08:43:40
838315281,https://www.olx.pl/d/oferta/sprzedam-56m2-taras-38m2-osiedle-zlota-podkowa-zwycieska-CID3-IDUJu6d.html,"Sprzedam  56m2 Taras 38m2,   Osiedle złota podkowa. Zwycięska",640 000 zł,"Wrocław, Krzyki - Odświeżono dnia 02 października 2023",2023-10-03 08:43:40
866609068,https://www.otodom.pl/pl/oferta/mieszkanie-43m2-wroclaw-ul-sliczna-1-pietro-ID4nlUA.html,Mieszkanie 43M2 Wroclaw ul Sliczna - 1 pietro,421 400 zł,"Wrocław, Krzyki - 02 października 2023",2023-10-03 08:43:40
859107548,https://www.otodom.pl/pl/oferta/5-pokoi-w-zabytkowej-kamienicy-scisle-centrum-ID4mUce.html,5 pokoi w zabytkowej kamienicy/ścisłe centrum,1 486 000 zł,Wrocław - 02 października 2023,2023-10-03 08:43:40
856514349,https://www.otodom.pl/pl/oferta/2-pok-balkon-2001r-winda-garderoba-ID4mKf6.html,2 pok | Balkon | 2001r. | Winda | Garderoba !,609 000 zł,"Wrocław, Krzyki - 22 września 2023",2023-10-03 08:56:03
866746335,https://www.otodom.pl/pl/oferta/ul-drukarska-3-pokoje-dla-pary-dla-rodziny-ID4nhpE.html,ul. Drukarska/3 pokoje - dla pary/dla rodziny,650 000 zł,"Wrocław, Krzyki - Dzisiaj o 08:23",2023-10-03 09:33:29
858448451,https://www.otodom.pl/pl/oferta/grabiszynska-centrum-3-pokoje-ogrzewanie-gazowe-ID4mRaY.html,Grabiszyńska Centrum 3 pokoje ogrzewanie gazowe,719 000 zł,"Wrocław, Fabryczna - Dzisiaj o 08:08",2023-10-03 09:33:29
866746575,https://www.otodom.pl/pl/oferta/mieszkanie-wroclaw-krzyki-ID4nhv4.html,Mieszkanie - Wrocław Krzyki,552 000 zł,"Wrocław, Krzyki - Dzisiaj o 08:06",2023-10-03 09:33:29
866746449,https://www.otodom.pl/pl/oferta/ul-grunwaldzka-3-pokoje-piekna-kamienica-ID4nb9c.html,ul. Grunwaldzka/3 pokoje/piękna Kamienica,795 000 zł,"Wrocław, Śródmieście - Dzisiaj o 08:05",2023-10-03 09:33:29
